{
  "timestamp": "2025-10-23T10:04:55Z",
  "tests": {
    "single-fetch": {
      "name": "Single Fetch (50 products, names only)",
      "response_time": {
        "min": 1.354974,
        "p50": 1.917465,
        "max": 39.045215,
        "avg": 2.211277226896645,
        "p90": 3.051409,
        "p95": 3.6816645,
        "p99": 6.286266199999994
      },
      "throughput": {
        "requests_per_second": 78.77656643800736,
        "total_iterations": 7162
      },
      "reliability": {
        "error_rate": 0
      }
    },
    "dataloader": {
      "name": "DataLoader (50 products with brands)",
      "response_time": {
        "min": 2.690869,
        "p50": 4.002113,
        "max": 19.431387,
        "avg": 4.3774701576950115,
        "p90": 5.953583,
        "p95": 7.3601592999999905,
        "p99": 10.701773639999999
      },
      "throughput": {
        "requests_per_second": 78.52895150550104,
        "total_iterations": 7146
      },
      "reliability": {
        "error_rate": 0
      }
    }
  }
}
