{
  "timestamp": "2025-10-27T07:21:54Z",
  "tests": {
    "single-fetch": {
      "name": "Single Fetch (50 products, names only)",
      "response_time": {
        "min": 1.349202,
        "p50": 1.911709,
        "max": 59.030227,
        "avg": 2.2028893449628706,
        "p90": 3.0592382,
        "p95": 3.7841603999999998,
        "p99": 6.28458232
      },
      "throughput": {
        "requests_per_second": 78.77750214118973,
        "total_iterations": 7168
      },
      "reliability": {
        "error_rate": 0
      }
    },
    "dataloader": {
      "name": "DataLoader (50 products with brands)",
      "response_time": {
        "min": 2.546756,
        "p50": 3.4461760000000004,
        "max": 17.451115,
        "avg": 3.7098982238764044,
        "p90": 4.878520200000001,
        "p95": 5.842417649999987,
        "p99": 8.009996839999998
      },
      "throughput": {
        "requests_per_second": 78.6101791809786,
        "total_iterations": 7151
      },
      "reliability": {
        "error_rate": 0
      }
    }
  }
}
