{
  "timestamp": "2025-10-22T20:26:08Z",
  "tests": {
    "single-fetch": {
      "name": "Single Fetch (50 products, names only)",
      "response_time": {
        "p50": 2.655808,
        "p95": 4.375629999999999,
        "p99": 0,
        "avg": 2.815094194502873
      },
      "throughput": {
        "requests_per_second": 78.70677333629378,
        "total_iterations": 7162
      },
      "reliability": {
        "error_rate": 0
      }
    },
    "dataloader": {
      "name": "DataLoader (50 products with brands)",
      "response_time": {
        "p50": 4.415083,
        "p95": 8.0993712,
        "p99": 0,
        "avg": 4.80711969042596
      },
      "throughput": {
        "requests_per_second": 78.50273173470188,
        "total_iterations": 7144
      },
      "reliability": {
        "error_rate": 0
      }
    }
  }
}
