{
  "timestamp": "2025-10-22T20:49:18Z",
  "tests": {
    "single-fetch": {
      "name": "Single Fetch (50 products, names only)",
      "response_time": {
        "p50": 1.883832,
        "p95": 3.5025052999999984,
        "p99": 0,
        "avg": 2.1564780439899147
      },
      "throughput": {
        "requests_per_second": 78.80216829269678,
        "total_iterations": 7169
      },
      "reliability": {
        "error_rate": 0
      }
    },
    "dataloader": {
      "name": "DataLoader (50 products with brands)",
      "response_time": {
        "p50": 3.4254955000000002,
        "p95": 6.193521949999998,
        "p99": 0,
        "avg": 3.818665543820219
      },
      "throughput": {
        "requests_per_second": 78.60877124381135,
        "total_iterations": 7151
      },
      "reliability": {
        "error_rate": 0
      }
    }
  }
}
