{
  "timestamp": "2025-10-27T08:03:25Z",
  "tests": {
    "single-fetch": {
      "name": "Single Fetch (50 products, names only)",
      "response_time": {
        "min": 1.37135,
        "p50": 1.8292195,
        "max": 39.482763,
        "avg": 2.0506803517792145,
        "p90": 2.6408996,
        "p95": 3.2021466999999992,
        "p99": 5.685472090000001
      },
      "throughput": {
        "requests_per_second": 78.7908540978115,
        "total_iterations": 7169
      },
      "reliability": {
        "error_rate": 0
      }
    },
    "dataloader": {
      "name": "DataLoader (50 products with brands)",
      "response_time": {
        "min": 2.636645,
        "p50": 3.712418,
        "max": 20.624632,
        "avg": 4.116828385415205,
        "p90": 5.577284800000001,
        "p95": 7.0261141999999985,
        "p99": 10.827749000000004
      },
      "throughput": {
        "requests_per_second": 78.55102306324446,
        "total_iterations": 7148
      },
      "reliability": {
        "error_rate": 0
      }
    }
  }
}
