{
  "timestamp": "2025-10-27T13:35:32Z",
  "tests": {
    "single-fetch": {
      "name": "Single Fetch (50 products, names only)",
      "response_time": {
        "min": 1.394559,
        "p50": 2.631275,
        "max": 52.609828,
        "avg": 2.871775964100405,
        "p90": 3.968414,
        "p95": 4.682363499999999,
        "p99": 7.125620099999999
      },
      "throughput": {
        "requests_per_second": 78.71341131523695,
        "total_iterations": 7162
      },
      "reliability": {
        "error_rate": 0
      }
    },
    "dataloader": {
      "name": "DataLoader (50 products with brands)",
      "response_time": {
        "min": 2.735282,
        "p50": 4.3765315000000005,
        "max": 24.048456,
        "avg": 4.749252250000001,
        "p90": 6.571931100000001,
        "p95": 7.991007849999998,
        "p99": 11.227193080000006
      },
      "throughput": {
        "requests_per_second": 78.49572073765107,
        "total_iterations": 7143
      },
      "reliability": {
        "error_rate": 0
      }
    }
  }
}
