{
  "timestamp": "2025-10-30T10:52:08Z",
  "tests": {
    "single-fetch": {
      "name": "Single Fetch (50 products, names only)",
      "response_time": {
        "min": 1.349786,
        "p50": 1.868829,
        "max": 39.353336,
        "avg": 2.1539911702395895,
        "p90": 2.9688626000000005,
        "p95": 3.623669,
        "p99": 6.383548880000004
      },
      "throughput": {
        "requests_per_second": 78.777292725695,
        "total_iterations": 7168
      },
      "reliability": {
        "error_rate": 0
      }
    },
    "dataloader": {
      "name": "DataLoader (50 products with brands)",
      "response_time": {
        "min": 2.581904,
        "p50": 3.157933,
        "max": 18.078489,
        "avg": 3.444326138182842,
        "p90": 4.275649,
        "p95": 5.272786,
        "p99": 7.575199800000001
      },
      "throughput": {
        "requests_per_second": 78.59185118035259,
        "total_iterations": 7152
      },
      "reliability": {
        "error_rate": 0
      }
    }
  }
}
