{
  "timestamp": "2025-10-23T19:09:41Z",
  "tests": {
    "single-fetch": {
      "name": "Single Fetch (50 products, names only)",
      "response_time": {
        "min": 1.311196,
        "p50": 1.763142,
        "max": 50.855832,
        "avg": 1.968737330531039,
        "p90": 2.5424552000000005,
        "p95": 2.9549014,
        "p99": 5.398412600000002
      },
      "throughput": {
        "requests_per_second": 78.78513545438359,
        "total_iterations": 7168
      },
      "reliability": {
        "error_rate": 0
      }
    },
    "dataloader": {
      "name": "DataLoader (50 products with brands)",
      "response_time": {
        "min": 2.581101,
        "p50": 3.39728,
        "max": 19.088613,
        "avg": 3.776861670740273,
        "p90": 5.147565999999999,
        "p95": 6.316323699999998,
        "p99": 8.866344979999997
      },
      "throughput": {
        "requests_per_second": 78.61021441670597,
        "total_iterations": 7150
      },
      "reliability": {
        "error_rate": 0
      }
    }
  }
}
