{
  "timestamp": "2025-10-27T15:11:08Z",
  "tests": {
    "single-fetch": {
      "name": "Single Fetch (50 products, names only)",
      "response_time": {
        "min": 1.398909,
        "p50": 2.598139,
        "max": 51.193935,
        "avg": 2.7762524732856564,
        "p90": 3.760471,
        "p95": 4.467872,
        "p99": 7.080356199999994
      },
      "throughput": {
        "requests_per_second": 78.73576027057071,
        "total_iterations": 7162
      },
      "reliability": {
        "error_rate": 0
      }
    },
    "dataloader": {
      "name": "DataLoader (50 products with brands)",
      "response_time": {
        "min": 2.743194,
        "p50": 4.252538,
        "max": 25.863241,
        "avg": 4.660672358177473,
        "p90": 6.357417,
        "p95": 7.852164500000001,
        "p99": 10.8853683
      },
      "throughput": {
        "requests_per_second": 78.50114401892392,
        "total_iterations": 7142
      },
      "reliability": {
        "error_rate": 0
      }
    }
  }
}
