{
  "timestamp": "2025-10-27T18:47:39Z",
  "tests": {
    "single-fetch": {
      "name": "Single Fetch (50 products, names only)",
      "response_time": {
        "min": 1.358888,
        "p50": 2.36486,
        "max": 45.479555,
        "avg": 2.620814281867896,
        "p90": 3.824667,
        "p95": 4.719379,
        "p99": 7.028532199999996
      },
      "throughput": {
        "requests_per_second": 78.74678749311089,
        "total_iterations": 7162
      },
      "reliability": {
        "error_rate": 0
      }
    },
    "dataloader": {
      "name": "DataLoader (50 products with brands)",
      "response_time": {
        "min": 2.657964,
        "p50": 4.092611,
        "max": 17.875767,
        "avg": 4.3978259245362485,
        "p90": 5.998234,
        "p95": 7.214835,
        "p99": 10.013211850000003
      },
      "throughput": {
        "requests_per_second": 78.53109196590968,
        "total_iterations": 7147
      },
      "reliability": {
        "error_rate": 0
      }
    }
  }
}
