{
  "timestamp": "2025-10-27T16:48:11Z",
  "tests": {
    "single-fetch": {
      "name": "Single Fetch (50 products, names only)",
      "response_time": {
        "min": 1.361866,
        "p50": 2.1344485,
        "max": 39.083474,
        "avg": 2.427566278867715,
        "p90": 3.400274,
        "p95": 4.1871975,
        "p99": 7.173254399999999
      },
      "throughput": {
        "requests_per_second": 78.76117640659872,
        "total_iterations": 7167
      },
      "reliability": {
        "error_rate": 0
      }
    },
    "dataloader": {
      "name": "DataLoader (50 products with brands)",
      "response_time": {
        "min": 2.639879,
        "p50": 3.57972,
        "max": 15.919348,
        "avg": 3.94780591432585,
        "p90": 5.272581500000001,
        "p95": 6.564658949999989,
        "p99": 9.402080209999966
      },
      "throughput": {
        "requests_per_second": 78.6083264177464,
        "total_iterations": 7151
      },
      "reliability": {
        "error_rate": 0
      }
    }
  }
}
