{
  "timestamp": "2025-10-22T22:08:59Z",
  "tests": {
    "single-fetch": {
      "name": "Single Fetch (50 products, names only)",
      "response_time": {
        "min": 1.32106,
        "p50": 1.8600050000000001,
        "max": 54.598177,
        "avg": 2.1452030713484675,
        "p90": 2.8748966,
        "p95": 3.671680849999996,
        "p99": 6.596938580000002
      },
      "throughput": {
        "requests_per_second": 78.73346102491311,
        "total_iterations": 7165
      },
      "reliability": {
        "error_rate": 0
      }
    },
    "dataloader": {
      "name": "DataLoader (50 products with brands)",
      "response_time": {
        "min": 2.618577,
        "p50": 3.584724,
        "max": 15.641521,
        "avg": 3.924326884923422,
        "p90": 5.205466600000003,
        "p95": 6.484867199999999,
        "p99": 9.502381520000005
      },
      "throughput": {
        "requests_per_second": 78.58056390371894,
        "total_iterations": 7148
      },
      "reliability": {
        "error_rate": 0
      }
    }
  }
}
