{
  "timestamp": "2025-10-22T21:31:35Z",
  "tests": {
    "single-fetch": {
      "name": "Single Fetch (50 products, names only)",
      "response_time": {
        "min": 1.328073,
        "p50": 1.72286,
        "max": 38.405381,
        "avg": 1.941161185091782,
        "p90": 2.567787,
        "p95": 3.0687131999999995,
        "p99": 5.216863400000005
      },
      "throughput": {
        "requests_per_second": 78.7801153650015,
        "total_iterations": 7168
      },
      "reliability": {
        "error_rate": 0
      }
    },
    "dataloader": {
      "name": "DataLoader (50 products with brands)",
      "response_time": {
        "min": 2.531472,
        "p50": 3.100122,
        "max": 17.59209,
        "avg": 3.46240276927398,
        "p90": 4.558525,
        "p95": 5.796345,
        "p99": 8.208663200000004
      },
      "throughput": {
        "requests_per_second": 78.61695952952077,
        "total_iterations": 7152
      },
      "reliability": {
        "error_rate": 0
      }
    }
  }
}
