{
  "timestamp": "2025-10-26T22:29:37Z",
  "tests": {
    "single-fetch": {
      "name": "Single Fetch (50 products, names only)",
      "response_time": {
        "min": 1.355927,
        "p50": 1.876814,
        "max": 46.004244,
        "avg": 2.099511259139932,
        "p90": 2.7563799999999996,
        "p95": 3.3103379,
        "p99": 5.703297659999998
      },
      "throughput": {
        "requests_per_second": 78.79343765494835,
        "total_iterations": 7170
      },
      "reliability": {
        "error_rate": 0
      }
    },
    "dataloader": {
      "name": "DataLoader (50 products with brands)",
      "response_time": {
        "min": 2.547058,
        "p50": 3.43692,
        "max": 19.384301,
        "avg": 3.758177644191594,
        "p90": 4.988627800000001,
        "p95": 6.095864599999997,
        "p99": 8.451594719999985
      },
      "throughput": {
        "requests_per_second": 78.5977060569872,
        "total_iterations": 7150
      },
      "reliability": {
        "error_rate": 0
      }
    }
  }
}
