{
  "timestamp": "2025-10-24T15:17:25Z",
  "tests": {
    "single-fetch": {
      "name": "Single Fetch (50 products, names only)",
      "response_time": {
        "min": 1.300229,
        "p50": 1.677071,
        "max": 45.722702,
        "avg": 1.860241621288515,
        "p90": 2.3472704,
        "p95": 2.7397823999999993,
        "p99": 5.095712309999996
      },
      "throughput": {
        "requests_per_second": 78.81265576267907,
        "total_iterations": 7171
      },
      "reliability": {
        "error_rate": 0
      }
    },
    "dataloader": {
      "name": "DataLoader (50 products with brands)",
      "response_time": {
        "min": 2.555435,
        "p50": 3.141933,
        "max": 14.603534,
        "avg": 3.471868218227772,
        "p90": 4.542777,
        "p95": 5.61032,
        "p99": 8.034627400000009
      },
      "throughput": {
        "requests_per_second": 78.59853943647569,
        "total_iterations": 7152
      },
      "reliability": {
        "error_rate": 0
      }
    }
  }
}
