{
  "timestamp": "2025-10-30T09:57:56Z",
  "tests": {
    "single-fetch": {
      "name": "Single Fetch (50 products, names only)",
      "response_time": {
        "min": 1.323831,
        "p50": 1.925301,
        "max": 2914.41967,
        "avg": 4.320953193351728,
        "p90": 3.0773536,
        "p95": 3.7324009999999923,
        "p99": 6.347429599999995
      },
      "throughput": {
        "requests_per_second": 76.04134966987401,
        "total_iterations": 6920
      },
      "reliability": {
        "error_rate": 0
      }
    },
    "dataloader": {
      "name": "DataLoader (50 products with brands)",
      "response_time": {
        "min": 2.635789,
        "p50": 3.715222,
        "max": 29.402523,
        "avg": 4.1063235004213325,
        "p90": 5.480159600000002,
        "p95": 6.8044154999999815,
        "p99": 10.256543029999994
      },
      "throughput": {
        "requests_per_second": 78.58481605231692,
        "total_iterations": 7151
      },
      "reliability": {
        "error_rate": 0
      }
    }
  }
}
