{
  "timestamp": "2025-10-26T22:57:47Z",
  "tests": {
    "single-fetch": {
      "name": "Single Fetch (50 products, names only)",
      "response_time": {
        "min": 1.371745,
        "p50": 1.804598,
        "max": 47.030523,
        "avg": 2.080296372741277,
        "p90": 2.7924842,
        "p95": 3.5767506,
        "p99": 6.073685779999999
      },
      "throughput": {
        "requests_per_second": 78.79559569183876,
        "total_iterations": 7170
      },
      "reliability": {
        "error_rate": 0
      }
    },
    "dataloader": {
      "name": "DataLoader (50 products with brands)",
      "response_time": {
        "min": 2.575,
        "p50": 3.521549,
        "max": 16.206925,
        "avg": 3.8927112159202646,
        "p90": 5.2478426,
        "p95": 6.5179666,
        "p99": 9.4722915
      },
      "throughput": {
        "requests_per_second": 78.62323747756012,
        "total_iterations": 7154
      },
      "reliability": {
        "error_rate": 0
      }
    }
  }
}
