{
  "timestamp": "2025-10-29T23:12:21Z",
  "tests": {
    "single-fetch": {
      "name": "Single Fetch (50 products, names only)",
      "response_time": {
        "min": 1.349438,
        "p50": 1.8201325000000002,
        "max": 52.181093,
        "avg": 2.0474542144858545,
        "p90": 2.6897473,
        "p95": 3.3019152999999983,
        "p99": 5.78516764
      },
      "throughput": {
        "requests_per_second": 78.779187447359,
        "total_iterations": 7169
      },
      "reliability": {
        "error_rate": 0
      }
    },
    "dataloader": {
      "name": "DataLoader (50 products with brands)",
      "response_time": {
        "min": 2.603887,
        "p50": 3.528955,
        "max": 29.779399,
        "avg": 3.8878515020362423,
        "p90": 5.203499,
        "p95": 6.365684,
        "p99": 9.086976600000002
      },
      "throughput": {
        "requests_per_second": 78.59179655581683,
        "total_iterations": 7152
      },
      "reliability": {
        "error_rate": 0
      }
    }
  }
}
