{
  "timestamp": "2025-10-23T16:02:23Z",
  "tests": {
    "single-fetch": {
      "name": "Single Fetch (50 products, names only)",
      "response_time": {
        "min": 1.447863,
        "p50": 2.751327,
        "max": 58.155978,
        "avg": 3.0016228840274928,
        "p90": 4.130812,
        "p95": 4.938353,
        "p99": 7.987915299999998
      },
      "throughput": {
        "requests_per_second": 78.71047667816899,
        "total_iterations": 7162
      },
      "reliability": {
        "error_rate": 0
      }
    },
    "dataloader": {
      "name": "DataLoader (50 products with brands)",
      "response_time": {
        "min": 2.924864,
        "p50": 4.8340905,
        "max": 24.782141,
        "avg": 5.312051972269166,
        "p90": 7.203395599999999,
        "p95": 8.972791199999993,
        "p99": 12.379031920000001
      },
      "throughput": {
        "requests_per_second": 78.41421668508127,
        "total_iterations": 7135
      },
      "reliability": {
        "error_rate": 0
      }
    }
  }
}
