{
  "timestamp": "2025-10-30T08:15:35Z",
  "tests": {
    "single-fetch": {
      "name": "Single Fetch (50 products, names only)",
      "response_time": {
        "min": 1.310809,
        "p50": 1.638505,
        "max": 42.3593,
        "avg": 1.8099101963310456,
        "p90": 2.206794,
        "p95": 2.579676,
        "p99": 5.012115400000004
      },
      "throughput": {
        "requests_per_second": 78.82758038633546,
        "total_iterations": 7172
      },
      "reliability": {
        "error_rate": 0
      }
    },
    "dataloader": {
      "name": "DataLoader (50 products with brands)",
      "response_time": {
        "min": 2.585932,
        "p50": 3.1176785000000002,
        "max": 15.438474,
        "avg": 3.4239957275280997,
        "p90": 4.3022441,
        "p95": 5.3216303999999965,
        "p99": 8.128929279999971
      },
      "throughput": {
        "requests_per_second": 78.60522816487538,
        "total_iterations": 7151
      },
      "reliability": {
        "error_rate": 0
      }
    }
  }
}
